Source,Résumé
Il Gazzettino," MENU











Giovedì 25 Gennaio - agg. 22:19








ACCEDI
ABBONATI









Profilo

Abbonamenti
Interessi e notifiche
Newsletter
Utilità
Contattaci

Logout


LEGGI IL GIORNALE



 












"
Source,Résumé
Il Gazzettino," MENU











Giovedì 25 Gennaio - agg. 22:22








ACCEDI
ABBONATI









Profilo

Abbonamenti
Interessi e notifiche
Newsletter
Utilità
Contattaci

Logout


LEGGI IL GIORNALE



 












"
Source,Résumé
Il Gazzettino," MENU











Giovedì 25 Gennaio - agg. 22:23








ACCEDI
ABBONATI









Profilo

Abbonamenti
Interessi e notifiche
Newsletter
Utilità
Contattaci

Logout


LEGGI IL GIORNALE



 












"
Source,Résumé
Il Gazzettino," MENU











Giovedì 25 Gennaio - agg. 22:47








ACCEDI
ABBONATI









Profilo

Abbonamenti
Interessi e notifiche
Newsletter
Utilità
Contattaci

Logout


LEGGI IL GIORNALE



 












"
Source,Résumé
Il Gazzettino," MENU











Giovedì 25 Gennaio - agg. 22:49








ACCEDI
ABBONATI









Profilo

Abbonamenti
Interessi e notifiche
Newsletter
Utilità
Contattaci

Logout


LEGGI IL GIORNALE



 












"
Source,Résumé
Il Gazzettino," MENU











Giovedì 25 Gennaio - agg. 22:49








ACCEDI
ABBONATI









Profilo

Abbonamenti
Interessi e notifiche
Newsletter
Utilità
Contattaci

Logout


LEGGI IL GIORNALE



 












"
Source,Résumé
Il Gazzettino," MENU











Giovedì 25 Gennaio - agg. 22:51








ACCEDI
ABBONATI









Profilo

Abbonamenti
Interessi e notifiche
Newsletter
Utilità
Contattaci

Logout


LEGGI IL GIORNALE



 












"
